promo_id,sku_id,region,start_date,end_date,demand_lift_pct,promo_type,channel
PROMO-DEMO-001,SKU-1042,West,2026-01-12,2026-01-25,40.0,BOGO,in-store
PROMO-0002,SKU-0082,North,2025-12-08,2025-12-28,59.5,BOGO,in-store
PROMO-0003,SKU-1012,North,2025-06-16,2025-07-13,37.2,discount,in-store
PROMO-0004,SKU-0636,Central,2024-07-22,2024-08-18,34.5,BOGO,online
PROMO-0005,SKU-0202,South,2025-10-20,2025-10-26,37.7,BOGO,in-store
PROMO-0006,SKU-0399,West,2026-04-20,2026-05-17,6.0,BOGO,online
PROMO-0007,SKU-0180,South,2026-01-19,2026-02-15,19.0,discount,online
PROMO-0008,SKU-0213,East,2025-06-02,2025-06-15,42.3,discount,online
PROMO-0009,SKU-0801,East,2024-11-25,2024-12-22,59.1,BOGO,in-store
PROMO-0010,SKU-1012,East,2026-03-30,2026-04-05,48.8,discount,online
PROMO-0011,SKU-0467,East,2026-03-23,2026-03-29,53.9,discount,in-store
PROMO-0012,SKU-0182,West,2025-04-21,2025-04-27,57.9,BOGO,in-store
PROMO-0013,SKU-0725,North,2026-03-09,2026-04-05,55.2,BOGO,in-store
PROMO-0014,SKU-0399,East,2026-02-09,2026-03-01,53.3,discount,in-store
PROMO-0015,SKU-0458,East,2024-07-22,2024-08-11,45.2,discount,online
PROMO-0016,SKU-1038,East,2025-03-31,2025-04-06,54.7,bundle,online
PROMO-0017,SKU-0896,West,2025-05-12,2025-05-18,16.2,discount,online
PROMO-0018,SKU-0487,North,2024-10-14,2024-11-10,25.7,bundle,online
PROMO-0019,SKU-1025,Central,2025-08-11,2025-08-24,22.6,discount,online
PROMO-0020,SKU-0636,East,2025-02-17,2025-03-02,38.1,discount,online
PROMO-0021,SKU-0544,East,2024-07-01,2024-07-07,25.7,discount,in-store
PROMO-0022,SKU-0803,North,2025-01-13,2025-01-19,42.7,BOGO,in-store
PROMO-0023,SKU-0038,Central,2025-10-20,2025-10-26,10.4,discount,online
PROMO-0024,SKU-0646,Central,2025-01-20,2025-02-02,16.1,bundle,in-store
PROMO-0025,SKU-0520,East,2024-06-24,2024-07-07,19.3,BOGO,in-store
PROMO-0026,SKU-0025,East,2024-07-22,2024-08-18,40.9,bundle,in-store
PROMO-0027,SKU-0935,North,2024-11-04,2024-11-17,21.2,BOGO,online
PROMO-0028,SKU-0360,Central,2025-11-24,2025-12-21,59.2,discount,online
PROMO-0029,SKU-0417,Central,2025-07-14,2025-07-20,12.6,bundle,in-store
PROMO-0030,SKU-0262,East,2025-03-17,2025-03-23,51.5,bundle,online
PROMO-0031,SKU-0453,East,2025-05-26,2025-06-01,18.9,discount,in-store
PROMO-0032,SKU-0128,Central,2025-02-10,2025-03-02,45.4,bundle,in-store
PROMO-0033,SKU-0889,South,2026-01-12,2026-01-25,46.8,BOGO,online
PROMO-0034,SKU-0065,South,2025-07-28,2025-08-24,11.6,BOGO,online
PROMO-0035,SKU-0778,North,2025-02-17,2025-03-02,51.6,discount,in-store
PROMO-0036,SKU-0701,East,2024-07-01,2024-07-14,18.5,bundle,online
PROMO-0037,SKU-0157,Central,2025-07-07,2025-08-03,23.7,discount,online
PROMO-0038,SKU-0774,South,2025-01-13,2025-01-19,13.9,BOGO,online
PROMO-0039,SKU-0089,Central,2024-05-20,2024-06-16,33.5,BOGO,in-store
PROMO-0040,SKU-0485,East,2025-02-24,2025-03-16,28.9,discount,in-store
PROMO-0041,SKU-0422,North,2024-09-23,2024-10-20,31.5,bundle,online
PROMO-0042,SKU-0170,North,2025-02-10,2025-03-02,16.4,BOGO,in-store
PROMO-0043,SKU-0921,North,2025-02-17,2025-02-23,55.4,BOGO,in-store
PROMO-0044,SKU-1011,West,2024-07-08,2024-07-21,27.0,discount,online
PROMO-0045,SKU-0715,North,2026-01-12,2026-02-08,50.0,bundle,online
PROMO-0046,SKU-0432,East,2026-01-12,2026-01-18,55.6,bundle,in-store
PROMO-0047,SKU-0599,North,2026-03-16,2026-03-29,48.7,discount,online
PROMO-0048,SKU-0078,West,2025-08-18,2025-09-14,16.7,BOGO,online
PROMO-0049,SKU-0582,East,2024-12-09,2024-12-29,5.1,discount,online
PROMO-0050,SKU-0344,South,2026-02-09,2026-02-15,30.2,bundle,in-store
PROMO-0051,SKU-0468,North,2025-12-08,2025-12-28,26.6,BOGO,online
PROMO-0052,SKU-0698,South,2025-03-10,2025-03-30,30.4,BOGO,online
PROMO-0053,SKU-0708,East,2024-07-08,2024-07-21,57.3,discount,in-store
PROMO-0054,SKU-0599,North,2024-07-22,2024-08-11,51.5,discount,in-store
PROMO-0055,SKU-1080,East,2024-12-09,2025-01-05,46.2,BOGO,online
PROMO-0056,SKU-0485,East,2025-11-10,2025-11-30,21.6,discount,online
PROMO-0057,SKU-0766,South,2025-10-27,2025-11-16,27.2,bundle,online
PROMO-0058,SKU-0170,West,2025-07-14,2025-08-03,54.9,BOGO,in-store
PROMO-0059,SKU-0213,West,2025-03-03,2025-03-16,27.4,discount,in-store
PROMO-0060,SKU-0312,North,2026-01-05,2026-01-11,41.7,BOGO,online
PROMO-0061,SKU-0779,West,2024-12-23,2024-12-29,23.0,bundle,in-store
PROMO-0062,SKU-0182,West,2026-03-23,2026-04-19,18.6,bundle,online
PROMO-0063,SKU-0186,North,2026-02-02,2026-02-15,12.6,BOGO,in-store
PROMO-0064,SKU-0344,West,2026-03-09,2026-04-05,16.1,bundle,online
PROMO-0065,SKU-0594,West,2025-11-24,2025-12-21,38.6,bundle,in-store
PROMO-0066,SKU-0361,West,2024-07-01,2024-07-14,58.7,discount,in-store
PROMO-0067,SKU-0478,West,2025-06-16,2025-06-22,27.0,bundle,online
PROMO-0068,SKU-1054,West,2025-02-03,2025-02-16,56.5,bundle,online
PROMO-0069,SKU-0388,South,2026-01-26,2026-02-15,31.9,discount,online
PROMO-0070,SKU-0838,South,2025-12-22,2025-12-28,55.2,bundle,online
PROMO-0071,SKU-0376,Central,2026-03-23,2026-04-19,46.0,bundle,online
PROMO-0072,SKU-0283,West,2024-07-29,2024-08-11,30.1,bundle,in-store
PROMO-0073,SKU-0666,West,2025-08-18,2025-08-31,19.2,discount,online
PROMO-0074,SKU-0425,East,2024-12-09,2024-12-15,49.9,BOGO,online
PROMO-0075,SKU-0636,North,2025-02-03,2025-02-09,23.5,discount,online
PROMO-0076,SKU-0157,Central,2024-11-04,2024-11-10,47.6,discount,in-store
PROMO-0077,SKU-0141,South,2025-04-07,2025-05-04,15.6,bundle,in-store
PROMO-0078,SKU-0042,East,2025-03-03,2025-03-23,56.3,BOGO,online
PROMO-0079,SKU-0686,North,2026-03-23,2026-03-29,48.5,BOGO,in-store
PROMO-0080,SKU-0520,Central,2024-10-28,2024-11-17,11.2,bundle,online
PROMO-0081,SKU-0639,North,2024-09-09,2024-09-22,35.4,BOGO,online
PROMO-0082,SKU-0356,West,2025-12-15,2026-01-04,59.6,BOGO,online
PROMO-0083,SKU-0060,East,2024-07-29,2024-08-04,45.0,BOGO,online
PROMO-0084,SKU-0378,South,2024-12-16,2024-12-29,28.4,BOGO,in-store
PROMO-0085,SKU-0429,West,2025-11-17,2025-11-30,48.3,bundle,online
PROMO-0086,SKU-0974,Central,2026-03-23,2026-04-05,22.7,BOGO,online
PROMO-0087,SKU-0766,Central,2024-09-16,2024-09-29,54.1,BOGO,in-store
PROMO-0088,SKU-0628,Central,2026-03-09,2026-03-15,13.4,BOGO,online
PROMO-0089,SKU-0344,North,2025-05-19,2025-05-25,5.0,BOGO,in-store
PROMO-0090,SKU-0892,West,2024-07-29,2024-08-04,40.9,bundle,online
PROMO-0091,SKU-0399,North,2024-06-03,2024-06-09,52.3,BOGO,online
PROMO-0092,SKU-0596,East,2025-04-07,2025-05-04,10.1,discount,in-store
PROMO-0093,SKU-0594,West,2025-07-14,2025-07-27,46.4,BOGO,online
PROMO-0094,SKU-0585,West,2025-10-13,2025-10-26,25.2,discount,in-store
PROMO-0095,SKU-0684,South,2025-08-25,2025-09-21,11.5,bundle,in-store
PROMO-0096,SKU-0398,North,2024-09-09,2024-09-15,50.3,BOGO,in-store
PROMO-0097,SKU-0752,Central,2026-01-19,2026-01-25,40.9,BOGO,in-store
PROMO-0098,SKU-1011,South,2024-09-23,2024-10-20,58.7,bundle,online
PROMO-0099,SKU-0485,North,2025-08-04,2025-08-10,41.1,bundle,in-store
PROMO-0100,SKU-0311,West,2024-05-20,2024-06-09,35.3,discount,online
PROMO-0101,SKU-0432,West,2025-04-14,2025-04-20,7.7,bundle,online
PROMO-0102,SKU-0432,East,2025-08-04,2025-08-17,28.0,BOGO,online
PROMO-0103,SKU-0119,Central,2025-01-20,2025-02-09,26.2,bundle,in-store
PROMO-0104,SKU-0157,East,2024-09-09,2024-09-22,36.0,discount,online
PROMO-0105,SKU-0879,North,2025-02-03,2025-02-09,16.7,discount,online
PROMO-0106,SKU-0807,West,2025-12-01,2025-12-07,54.0,BOGO,in-store
PROMO-0107,SKU-0870,East,2026-01-12,2026-02-08,8.3,discount,in-store
PROMO-0108,SKU-0516,East,2025-04-14,2025-04-20,42.4,BOGO,in-store
PROMO-0109,SKU-0966,North,2025-03-10,2025-03-16,28.3,discount,in-store
PROMO-0110,SKU-0095,North,2025-09-01,2025-09-28,22.6,discount,in-store
PROMO-0111,SKU-0291,North,2025-06-02,2025-06-15,19.6,bundle,online
PROMO-0112,SKU-0461,South,2025-12-15,2026-01-11,56.1,bundle,in-store
PROMO-0113,SKU-0793,North,2024-06-24,2024-06-30,39.1,discount,in-store
PROMO-0114,SKU-0224,Central,2026-04-13,2026-05-10,50.1,bundle,online
PROMO-0115,SKU-0166,Central,2025-03-31,2025-04-06,27.1,BOGO,in-store
PROMO-0116,SKU-0509,Central,2024-07-15,2024-08-04,49.3,bundle,in-store
PROMO-0117,SKU-0833,Central,2025-01-06,2025-01-19,32.2,BOGO,online
PROMO-0118,SKU-1042,South,2025-12-15,2025-12-28,37.2,discount,in-store
PROMO-0119,SKU-0701,South,2024-10-21,2024-10-27,10.7,bundle,online
PROMO-0120,SKU-0060,East,2025-07-07,2025-07-20,27.5,discount,in-store
PROMO-0121,SKU-0833,West,2025-02-17,2025-03-16,56.3,bundle,in-store
PROMO-0122,SKU-0807,South,2024-11-25,2024-12-08,36.2,discount,in-store
PROMO-0123,SKU-0349,West,2025-01-27,2025-02-16,22.6,bundle,in-store
PROMO-0124,SKU-0089,South,2025-06-02,2025-06-08,14.1,discount,online
PROMO-0125,SKU-1059,South,2026-01-26,2026-02-01,35.9,bundle,online
PROMO-0126,SKU-0582,South,2025-06-02,2025-06-29,56.0,BOGO,online
PROMO-0127,SKU-0119,West,2026-05-04,2026-05-10,57.0,bundle,in-store
PROMO-0128,SKU-0119,Central,2026-03-09,2026-03-29,5.3,discount,in-store
PROMO-0129,SKU-1026,West,2026-03-09,2026-03-29,6.5,discount,online
PROMO-0130,SKU-0175,Central,2024-11-04,2024-11-17,30.6,discount,in-store
PROMO-0131,SKU-0628,West,2026-03-23,2026-04-05,53.3,bundle,in-store
PROMO-0132,SKU-0892,East,2024-07-01,2024-07-14,13.8,discount,online
PROMO-0133,SKU-0170,East,2024-10-21,2024-11-10,58.1,BOGO,online
PROMO-0134,SKU-0826,Central,2026-01-19,2026-01-25,37.7,bundle,online
PROMO-0135,SKU-0639,South,2024-08-12,2024-08-18,49.6,discount,in-store
PROMO-0136,SKU-0291,East,2025-08-18,2025-09-14,38.4,bundle,in-store
PROMO-0137,SKU-1025,South,2024-08-19,2024-09-01,11.5,bundle,online
PROMO-0138,SKU-0262,Central,2024-07-08,2024-07-21,21.7,bundle,online
PROMO-0139,SKU-0086,North,2026-03-23,2026-04-12,30.5,discount,online
PROMO-0140,SKU-0639,North,2025-08-11,2025-08-31,25.7,bundle,online
PROMO-0141,SKU-0159,North,2025-07-07,2025-07-20,33.7,bundle,in-store
PROMO-0142,SKU-0482,North,2025-07-07,2025-07-13,23.9,BOGO,in-store
PROMO-0143,SKU-0565,Central,2024-10-07,2024-10-20,49.5,discount,online
PROMO-0144,SKU-0299,North,2025-07-07,2025-07-27,52.9,bundle,online
PROMO-0145,SKU-0422,East,2024-08-19,2024-09-01,7.0,BOGO,online
PROMO-0146,SKU-0429,Central,2025-04-28,2025-05-25,7.2,BOGO,online
PROMO-0147,SKU-0594,South,2025-05-26,2025-06-22,7.5,BOGO,online
PROMO-0148,SKU-0801,Central,2026-03-02,2026-03-08,8.3,BOGO,online
PROMO-0149,SKU-1026,North,2025-10-20,2025-11-09,55.4,bundle,online
PROMO-0150,SKU-0762,South,2025-12-08,2025-12-21,8.5,BOGO,online
PROMO-0151,SKU-0345,South,2025-12-08,2025-12-14,20.7,BOGO,online
PROMO-0152,SKU-0224,North,2025-09-15,2025-10-12,43.9,discount,online
PROMO-0153,SKU-0149,Central,2025-08-04,2025-08-31,56.9,discount,in-store
PROMO-0154,SKU-1012,West,2024-12-16,2025-01-05,34.9,bundle,online
PROMO-0155,SKU-0253,Central,2025-03-31,2025-04-20,31.6,discount,in-store
PROMO-0156,SKU-0896,South,2024-12-02,2024-12-15,26.5,BOGO,in-store
PROMO-0157,SKU-0775,North,2025-06-30,2025-07-27,29.5,BOGO,online
PROMO-0158,SKU-0878,West,2024-07-15,2024-07-21,13.7,bundle,in-store
PROMO-0159,SKU-0344,Central,2025-12-29,2026-01-04,33.4,discount,online
PROMO-0160,SKU-0921,Central,2024-06-17,2024-06-23,7.7,discount,in-store
PROMO-0161,SKU-1025,North,2024-09-02,2024-09-08,36.3,discount,online
PROMO-0162,SKU-0317,East,2025-09-01,2025-09-21,16.1,discount,online
PROMO-0163,SKU-0896,West,2025-09-01,2025-09-28,57.2,BOGO,in-store
PROMO-0164,SKU-0135,North,2025-04-21,2025-04-27,29.1,discount,online
PROMO-0165,SKU-0889,South,2025-01-06,2025-02-02,34.7,discount,in-store
PROMO-0166,SKU-0673,South,2024-09-30,2024-10-20,42.0,BOGO,in-store
PROMO-0167,SKU-0836,South,2025-11-24,2025-12-14,14.3,bundle,online
PROMO-0168,SKU-0801,North,2025-12-29,2026-01-04,32.4,discount,online
PROMO-0169,SKU-0060,East,2026-03-23,2026-04-05,59.7,BOGO,in-store
PROMO-0170,SKU-0565,East,2026-03-09,2026-03-22,8.7,bundle,online
PROMO-0171,SKU-0291,South,2025-10-20,2025-11-09,7.8,discount,online
PROMO-0172,SKU-0037,East,2025-05-05,2025-06-01,31.2,bundle,in-store
PROMO-0173,SKU-0833,Central,2025-10-20,2025-11-09,48.0,bundle,in-store
PROMO-0174,SKU-0487,West,2024-09-30,2024-10-27,39.7,BOGO,in-store
PROMO-0175,SKU-0468,West,2025-12-01,2025-12-21,57.8,bundle,in-store
PROMO-0176,SKU-0659,East,2025-08-11,2025-09-07,32.8,BOGO,online
PROMO-0177,SKU-0537,East,2025-06-02,2025-06-08,46.0,discount,in-store
PROMO-0178,SKU-0437,North,2025-02-10,2025-03-02,46.1,BOGO,online
PROMO-0179,SKU-0779,South,2025-06-30,2025-07-06,57.6,bundle,in-store
PROMO-0180,SKU-0344,North,2025-02-24,2025-03-09,34.1,BOGO,online
PROMO-0181,SKU-0778,West,2024-09-16,2024-10-06,14.6,bundle,in-store
PROMO-0182,SKU-0825,East,2025-12-15,2025-12-21,20.0,BOGO,in-store
PROMO-0183,SKU-0435,North,2025-10-06,2025-10-26,43.8,BOGO,in-store
PROMO-0184,SKU-0463,East,2024-11-04,2024-12-01,46.1,BOGO,online
PROMO-0185,SKU-0241,East,2025-03-31,2025-04-27,18.2,discount,in-store
PROMO-0186,SKU-0202,North,2024-10-28,2024-11-10,26.6,bundle,in-store
PROMO-0187,SKU-0974,West,2024-09-16,2024-09-29,20.0,discount,in-store
PROMO-0188,SKU-0032,East,2025-10-06,2025-10-19,25.3,bundle,in-store
PROMO-0189,SKU-0585,West,2024-07-01,2024-07-28,32.4,discount,online
PROMO-0190,SKU-0038,Central,2025-08-11,2025-09-07,38.7,discount,online
PROMO-0191,SKU-0870,Central,2025-05-12,2025-06-08,30.4,bundle,in-store
PROMO-0192,SKU-0766,North,2025-07-07,2025-07-20,32.2,discount,in-store
PROMO-0193,SKU-0485,East,2025-11-17,2025-12-07,51.0,bundle,in-store
PROMO-0194,SKU-0766,South,2024-10-07,2024-11-03,51.6,bundle,online
PROMO-0195,SKU-0717,Central,2024-08-12,2024-09-08,22.3,BOGO,in-store
PROMO-0196,SKU-0789,South,2025-12-29,2026-01-18,56.6,discount,in-store
PROMO-0197,SKU-1091,East,2025-08-04,2025-08-17,14.3,BOGO,in-store
PROMO-0198,SKU-0789,North,2025-08-11,2025-09-07,27.2,BOGO,online
PROMO-0199,SKU-0008,West,2025-09-15,2025-09-21,14.7,BOGO,online
PROMO-0200,SKU-1063,South,2026-03-09,2026-04-05,12.7,BOGO,online
PROMO-0201,SKU-1099,Central,2025-03-17,2025-03-23,20.2,discount,online
PROMO-0202,SKU-0623,South,2024-05-20,2024-06-02,28.8,bundle,in-store
PROMO-0203,SKU-0810,West,2025-07-28,2025-08-24,25.8,bundle,online
PROMO-0204,SKU-0879,South,2025-09-15,2025-09-21,36.4,discount,online
PROMO-0205,SKU-0935,North,2024-10-14,2024-10-20,33.5,bundle,online
PROMO-0206,SKU-0803,North,2024-08-26,2024-09-08,46.1,BOGO,in-store
PROMO-0207,SKU-0290,North,2024-09-16,2024-09-22,27.6,discount,in-store
PROMO-0208,SKU-0788,Central,2025-06-02,2025-06-22,43.0,BOGO,online
PROMO-0209,SKU-0182,East,2025-09-01,2025-09-14,55.8,BOGO,in-store
PROMO-0210,SKU-1091,West,2024-07-15,2024-08-11,10.4,discount,in-store
PROMO-0211,SKU-0157,South,2024-09-16,2024-09-22,30.5,BOGO,in-store
PROMO-0212,SKU-0217,West,2024-10-14,2024-11-10,49.1,discount,in-store
PROMO-0213,SKU-0663,South,2024-08-12,2024-08-25,12.4,BOGO,online
PROMO-0214,SKU-0565,East,2026-03-16,2026-03-22,51.6,discount,in-store
PROMO-0215,SKU-0312,North,2024-07-15,2024-07-21,40.2,discount,online
PROMO-0216,SKU-0182,South,2025-02-24,2025-03-23,51.8,BOGO,online
PROMO-0217,SKU-0089,South,2025-05-26,2025-06-01,52.7,discount,in-store
PROMO-0218,SKU-0118,West,2025-06-09,2025-07-06,12.1,BOGO,online
PROMO-0219,SKU-0180,Central,2024-07-29,2024-08-18,29.3,BOGO,online
PROMO-0220,SKU-0213,East,2026-04-27,2026-05-17,50.1,BOGO,online
PROMO-0221,SKU-0674,South,2025-03-17,2025-03-23,18.1,BOGO,online
PROMO-0222,SKU-0719,East,2025-05-19,2025-06-08,26.7,bundle,online
PROMO-0223,SKU-1054,Central,2025-12-15,2025-12-21,45.5,BOGO,online
PROMO-0224,SKU-0311,East,2025-12-15,2025-12-21,48.7,discount,online
PROMO-0225,SKU-0025,West,2025-12-22,2026-01-18,59.1,discount,in-store
PROMO-0226,SKU-0422,West,2025-09-01,2025-09-14,59.3,BOGO,in-store
PROMO-0227,SKU-0659,East,2025-08-04,2025-08-31,20.6,discount,online
PROMO-0228,SKU-0663,South,2025-07-28,2025-08-24,53.6,bundle,in-store
PROMO-0229,SKU-0299,West,2024-10-14,2024-10-27,38.3,BOGO,online
PROMO-0230,SKU-1025,Central,2026-03-30,2026-04-05,17.1,bundle,online
PROMO-0231,SKU-0378,East,2025-07-28,2025-08-10,8.0,discount,in-store
PROMO-0232,SKU-0849,Central,2025-11-10,2025-11-16,26.8,discount,online
PROMO-0233,SKU-0902,North,2025-02-03,2025-02-23,19.2,discount,online
PROMO-0234,SKU-0262,West,2025-10-27,2025-11-23,16.9,discount,online
PROMO-0235,SKU-0457,West,2025-12-15,2025-12-21,17.7,discount,in-store
PROMO-0236,SKU-0399,Central,2025-03-31,2025-04-20,40.0,discount,online
PROMO-0237,SKU-1017,East,2024-07-29,2024-08-11,29.7,BOGO,online
PROMO-0238,SKU-0364,South,2024-05-27,2024-06-23,49.6,BOGO,in-store
PROMO-0239,SKU-1060,East,2024-08-19,2024-08-25,58.5,BOGO,online
PROMO-0240,SKU-0723,Central,2026-01-05,2026-01-18,14.3,BOGO,in-store
PROMO-0241,SKU-0157,North,2024-09-30,2024-10-06,8.9,BOGO,online
PROMO-0242,SKU-0098,North,2024-06-10,2024-06-16,50.5,bundle,online
PROMO-0243,SKU-0098,West,2024-06-10,2024-06-30,53.5,BOGO,online
PROMO-0244,SKU-0473,East,2026-03-23,2026-04-12,29.6,bundle,in-store
PROMO-0245,SKU-0185,East,2024-07-08,2024-07-14,48.8,bundle,in-store
PROMO-0246,SKU-0463,North,2025-11-10,2025-11-16,51.3,bundle,in-store
PROMO-0247,SKU-1040,West,2025-08-25,2025-09-21,9.3,bundle,online
PROMO-0248,SKU-0241,South,2025-11-10,2025-11-16,42.9,discount,online
PROMO-0249,SKU-0135,South,2026-04-27,2026-05-17,20.9,discount,online
PROMO-0250,SKU-0344,West,2025-03-31,2025-04-20,39.3,bundle,in-store
PROMO-0251,SKU-0388,West,2025-08-04,2025-08-24,42.5,discount,in-store
PROMO-0252,SKU-0793,East,2024-06-24,2024-07-07,9.8,bundle,in-store
PROMO-0253,SKU-0394,East,2026-01-05,2026-01-25,18.0,bundle,online
PROMO-0254,SKU-0499,East,2024-06-10,2024-07-07,31.0,discount,in-store
PROMO-0255,SKU-0097,West,2025-10-20,2025-11-16,32.0,bundle,online
PROMO-0256,SKU-0693,West,2026-05-04,2026-05-24,9.0,discount,online
PROMO-0257,SKU-0717,East,2025-05-26,2025-06-22,32.1,discount,in-store
PROMO-0258,SKU-1059,Central,2025-05-19,2025-06-01,14.9,discount,in-store
PROMO-0259,SKU-0166,North,2025-07-14,2025-07-20,28.8,discount,online
PROMO-0260,SKU-0585,West,2025-10-13,2025-10-19,36.3,bundle,in-store
PROMO-0261,SKU-0128,Central,2026-04-13,2026-04-19,39.5,BOGO,in-store
PROMO-0262,SKU-0451,West,2024-12-23,2025-01-05,46.8,BOGO,in-store
PROMO-0263,SKU-0299,Central,2026-03-30,2026-04-19,46.6,discount,online
PROMO-0264,SKU-0422,Central,2025-12-22,2025-12-28,20.8,discount,in-store
PROMO-0265,SKU-0725,South,2025-08-18,2025-09-07,59.6,BOGO,online
PROMO-0266,SKU-0128,East,2025-01-20,2025-02-09,52.3,discount,online
PROMO-0267,SKU-0378,South,2025-02-17,2025-03-09,50.8,BOGO,in-store
PROMO-0268,SKU-1026,East,2024-11-04,2024-12-01,59.2,bundle,online
PROMO-0269,SKU-0646,West,2026-04-06,2026-04-19,22.6,discount,online
PROMO-0270,SKU-0097,East,2024-09-16,2024-10-06,40.0,discount,in-store
PROMO-0271,SKU-0723,West,2025-12-22,2026-01-04,23.2,discount,in-store
PROMO-0272,SKU-0468,North,2025-06-02,2025-06-29,29.5,BOGO,in-store
PROMO-0273,SKU-0119,West,2026-04-27,2026-05-17,6.2,bundle,in-store
PROMO-0274,SKU-0135,North,2024-11-18,2024-12-08,20.1,bundle,in-store
PROMO-0275,SKU-0032,North,2026-03-16,2026-04-05,6.2,BOGO,online
PROMO-0276,SKU-0119,North,2025-05-26,2025-06-15,29.5,bundle,in-store
PROMO-0277,SKU-0435,North,2025-04-07,2025-05-04,54.1,BOGO,in-store
PROMO-0278,SKU-0594,North,2025-07-21,2025-08-17,35.2,bundle,in-store
PROMO-0279,SKU-0967,South,2025-12-22,2026-01-11,44.9,BOGO,online
PROMO-0280,SKU-1042,Central,2026-02-02,2026-02-15,21.5,bundle,in-store
PROMO-0281,SKU-0807,South,2025-11-03,2025-11-09,7.5,BOGO,in-store
PROMO-0282,SKU-0526,West,2025-01-27,2025-02-02,29.2,discount,online
PROMO-0283,SKU-0299,West,2025-08-18,2025-09-14,49.6,BOGO,online
PROMO-0284,SKU-0074,North,2026-02-02,2026-02-15,38.2,bundle,in-store
PROMO-0285,SKU-0187,North,2026-02-02,2026-02-08,30.0,BOGO,in-store
PROMO-0286,SKU-0097,North,2024-08-26,2024-09-22,55.9,discount,in-store
PROMO-0287,SKU-0666,Central,2025-06-02,2025-06-08,55.9,discount,online
PROMO-0288,SKU-0555,North,2026-02-02,2026-03-01,58.4,BOGO,online
PROMO-0289,SKU-0283,Central,2024-09-30,2024-10-20,9.3,BOGO,online
PROMO-0290,SKU-0082,West,2026-03-23,2026-04-12,27.9,discount,online
PROMO-0291,SKU-0544,North,2025-09-08,2025-09-28,9.1,bundle,online
PROMO-0292,SKU-0202,Central,2025-05-26,2025-06-08,33.0,discount,in-store
PROMO-0293,SKU-1017,Central,2024-08-19,2024-09-08,25.3,bundle,in-store
PROMO-0294,SKU-0434,South,2025-10-27,2025-11-09,56.8,discount,online
PROMO-0295,SKU-0118,South,2026-03-30,2026-04-26,25.8,BOGO,online
PROMO-0296,SKU-0825,South,2025-07-14,2025-08-03,56.0,BOGO,in-store
PROMO-0297,SKU-0118,West,2025-08-25,2025-09-21,13.3,discount,in-store
PROMO-0298,SKU-0719,West,2026-01-26,2026-02-08,8.9,discount,in-store
PROMO-0299,SKU-0793,West,2024-08-26,2024-09-08,23.4,BOGO,online
PROMO-0300,SKU-0779,East,2024-12-30,2025-01-26,29.6,bundle,online
PROMO-0301,SKU-0311,West,2024-09-30,2024-10-06,53.7,bundle,in-store
PROMO-0302,SKU-0344,North,2024-11-25,2024-12-01,42.8,BOGO,in-store
PROMO-0303,SKU-0592,South,2025-04-07,2025-04-13,29.3,bundle,in-store
PROMO-0304,SKU-0592,East,2024-11-25,2024-12-08,6.8,bundle,online
PROMO-0305,SKU-0361,South,2025-01-06,2025-01-26,11.0,discount,in-store
PROMO-0306,SKU-0485,South,2025-01-13,2025-01-26,26.7,bundle,online
PROMO-0307,SKU-0025,South,2026-01-19,2026-02-08,37.6,BOGO,in-store
PROMO-0308,SKU-0686,East,2025-11-10,2025-11-23,28.2,bundle,in-store
PROMO-0309,SKU-0118,West,2026-01-05,2026-02-01,6.2,bundle,online
PROMO-0310,SKU-0299,West,2026-03-02,2026-03-15,48.3,discount,online
PROMO-0311,SKU-0325,Central,2026-04-27,2026-05-24,7.3,discount,in-store
PROMO-0312,SKU-1042,East,2025-06-09,2025-06-15,23.5,BOGO,online
PROMO-0313,SKU-0217,North,2024-07-15,2024-07-28,51.3,discount,in-store
PROMO-0314,SKU-0008,East,2024-09-02,2024-09-29,31.1,BOGO,in-store
PROMO-0315,SKU-0241,North,2025-10-20,2025-11-16,19.6,bundle,online
PROMO-0316,SKU-0074,North,2025-06-16,2025-06-29,56.2,bundle,online
PROMO-0317,SKU-1080,Central,2026-04-20,2026-05-03,32.7,bundle,online
PROMO-0318,SKU-0182,East,2024-08-19,2024-09-01,52.1,bundle,in-store
PROMO-0319,SKU-0388,East,2026-03-02,2026-03-29,15.3,bundle,in-store
PROMO-0320,SKU-0224,North,2025-03-03,2025-03-16,16.0,bundle,online
PROMO-0321,SKU-0499,North,2025-05-19,2025-06-08,19.5,discount,in-store
PROMO-0322,SKU-0453,South,2024-12-23,2025-01-12,30.7,discount,in-store
PROMO-0323,SKU-0119,Central,2024-06-24,2024-07-14,16.8,BOGO,online
PROMO-0324,SKU-0467,South,2025-11-03,2025-11-09,32.2,discount,in-store
PROMO-0325,SKU-1040,South,2025-09-15,2025-10-05,12.2,BOGO,online
PROMO-0326,SKU-0974,Central,2024-10-28,2024-11-17,44.1,discount,online
PROMO-0327,SKU-0742,Central,2025-05-05,2025-05-18,14.0,BOGO,online
PROMO-0328,SKU-0864,East,2025-12-01,2025-12-07,38.7,discount,in-store
PROMO-0329,SKU-0089,Central,2025-07-28,2025-08-10,7.2,bundle,in-store
PROMO-0330,SKU-0794,South,2025-01-13,2025-01-26,6.8,discount,in-store
PROMO-0331,SKU-0331,North,2026-03-02,2026-03-15,26.2,bundle,in-store
PROMO-0332,SKU-0399,South,2025-01-06,2025-01-12,6.4,BOGO,in-store
PROMO-0333,SKU-0349,West,2025-07-21,2025-08-17,56.1,BOGO,online
PROMO-0334,SKU-0830,East,2026-03-23,2026-04-05,47.6,BOGO,online
PROMO-0335,SKU-0779,Central,2025-04-28,2025-05-25,28.9,BOGO,online
PROMO-0336,SKU-0766,Central,2025-11-17,2025-11-30,56.1,discount,in-store
PROMO-0337,SKU-1017,Central,2025-03-31,2025-04-27,10.1,BOGO,online
PROMO-0338,SKU-0157,North,2025-09-08,2025-10-05,49.0,bundle,online
PROMO-0339,SKU-0574,Central,2025-01-20,2025-01-26,20.2,bundle,in-store
PROMO-0340,SKU-0892,North,2025-09-01,2025-09-14,19.6,bundle,in-store
PROMO-0341,SKU-0892,East,2024-06-17,2024-07-14,19.9,bundle,online
PROMO-0342,SKU-1011,East,2025-11-10,2025-11-23,32.6,BOGO,in-store
PROMO-0343,SKU-0509,South,2025-02-10,2025-03-02,13.3,bundle,in-store
PROMO-0344,SKU-0666,East,2025-06-16,2025-06-29,50.3,bundle,in-store
PROMO-0345,SKU-0717,Central,2024-05-20,2024-06-16,58.2,discount,online
PROMO-0346,SKU-0185,North,2026-03-16,2026-04-05,14.3,BOGO,online
PROMO-0347,SKU-0360,East,2024-12-30,2025-01-12,56.1,bundle,in-store
PROMO-0348,SKU-0417,East,2025-02-17,2025-03-09,8.2,discount,online
PROMO-0349,SKU-0202,Central,2024-05-27,2024-06-02,33.2,BOGO,in-store
PROMO-0350,SKU-0086,West,2025-02-17,2025-02-23,56.5,BOGO,online
PROMO-0351,SKU-0312,North,2024-11-18,2024-12-01,37.3,discount,online
PROMO-0352,SKU-0540,East,2025-04-21,2025-04-27,10.7,bundle,online
PROMO-0353,SKU-0801,East,2024-12-30,2025-01-26,31.5,bundle,online
PROMO-0354,SKU-1012,North,2026-02-23,2026-03-01,56.1,discount,online
PROMO-0355,SKU-0399,South,2025-01-06,2025-01-19,29.9,bundle,in-store
PROMO-0356,SKU-0361,North,2025-06-16,2025-07-13,18.9,discount,online
PROMO-0357,SKU-0672,North,2025-07-14,2025-07-20,41.0,BOGO,in-store
PROMO-0358,SKU-0656,West,2025-03-31,2025-04-06,57.2,bundle,online
PROMO-0359,SKU-0453,Central,2025-05-05,2025-05-11,22.6,bundle,in-store
PROMO-0360,SKU-0902,East,2025-04-21,2025-05-04,8.3,discount,in-store
PROMO-0361,SKU-0592,South,2025-09-08,2025-09-21,15.8,bundle,in-store
PROMO-0362,SKU-0361,West,2025-01-06,2025-01-19,24.0,bundle,online
PROMO-0363,SKU-1099,West,2024-05-27,2024-06-09,37.3,BOGO,online
PROMO-0364,SKU-0356,East,2024-08-12,2024-09-08,48.7,discount,in-store
PROMO-0365,SKU-0766,East,2026-05-04,2026-05-24,59.3,bundle,in-store
PROMO-0366,SKU-0037,North,2025-03-31,2025-04-20,12.0,bundle,online
PROMO-0367,SKU-0042,East,2024-07-15,2024-08-04,52.8,discount,online
PROMO-0368,SKU-1017,West,2025-03-31,2025-04-27,51.3,discount,online
PROMO-0369,SKU-0065,North,2024-07-29,2024-08-18,16.9,BOGO,online
PROMO-0370,SKU-0793,West,2025-05-05,2025-05-18,15.3,bundle,in-store
PROMO-0371,SKU-0757,West,2024-12-23,2024-12-29,10.1,discount,online
PROMO-0372,SKU-0766,West,2024-07-15,2024-07-21,21.1,BOGO,online
PROMO-0373,SKU-0182,West,2025-07-14,2025-08-03,21.9,discount,in-store
PROMO-0374,SKU-0748,North,2024-07-08,2024-07-28,7.4,bundle,in-store
PROMO-0375,SKU-1042,West,2026-04-27,2026-05-24,46.6,BOGO,in-store
PROMO-0376,SKU-0291,East,2026-02-02,2026-02-15,22.9,bundle,online
PROMO-0377,SKU-0623,East,2024-12-16,2025-01-05,54.4,discount,online
PROMO-0378,SKU-0864,North,2025-02-24,2025-03-09,14.9,bundle,in-store
PROMO-0379,SKU-0170,South,2024-12-02,2024-12-08,47.0,bundle,in-store
PROMO-0380,SKU-0673,Central,2026-01-12,2026-01-18,8.7,BOGO,in-store
PROMO-0381,SKU-0789,North,2024-12-16,2024-12-29,59.2,BOGO,in-store
PROMO-0382,SKU-0144,North,2024-08-19,2024-09-08,32.4,bundle,online
PROMO-0383,SKU-0180,South,2024-12-30,2025-01-26,12.6,bundle,in-store
PROMO-0384,SKU-0118,West,2024-10-14,2024-11-10,25.3,discount,online
PROMO-0385,SKU-0701,North,2025-01-06,2025-01-12,8.8,discount,online
PROMO-0386,SKU-1038,South,2024-05-20,2024-06-09,8.7,bundle,online
PROMO-0387,SKU-0762,Central,2024-07-08,2024-07-14,6.3,bundle,in-store
PROMO-0388,SKU-0592,Central,2025-10-27,2025-11-02,35.2,bundle,in-store
PROMO-0389,SKU-0345,West,2026-02-16,2026-03-01,32.5,bundle,online
PROMO-0390,SKU-0453,North,2025-06-30,2025-07-27,7.8,BOGO,in-store
PROMO-0391,SKU-0118,Central,2024-08-05,2024-08-25,42.7,bundle,in-store
PROMO-0392,SKU-0864,East,2024-07-01,2024-07-14,33.7,BOGO,in-store
PROMO-0393,SKU-0467,South,2025-09-29,2025-10-12,18.8,bundle,in-store
PROMO-0394,SKU-0065,North,2025-12-22,2026-01-18,38.1,discount,in-store
PROMO-0395,SKU-0485,West,2026-04-13,2026-05-10,18.1,discount,in-store
PROMO-0396,SKU-0636,North,2024-08-05,2024-08-11,46.9,BOGO,online
PROMO-0397,SKU-0325,North,2025-01-13,2025-02-02,9.0,bundle,online
PROMO-0398,SKU-0399,West,2026-01-12,2026-01-25,5.6,BOGO,online
PROMO-0399,SKU-0224,Central,2026-04-20,2026-05-03,15.4,discount,in-store
PROMO-0400,SKU-0448,East,2025-08-04,2025-08-24,48.6,bundle,online
PROMO-0401,SKU-0509,Central,2025-02-24,2025-03-23,18.6,discount,online
PROMO-0402,SKU-0789,South,2026-02-02,2026-02-15,56.3,discount,online
PROMO-0403,SKU-0974,Central,2025-05-12,2025-05-25,34.6,bundle,in-store
PROMO-0404,SKU-0415,North,2025-02-24,2025-03-02,34.0,BOGO,in-store
PROMO-0405,SKU-0892,Central,2025-11-17,2025-11-23,15.9,bundle,online
PROMO-0406,SKU-0878,North,2024-09-02,2024-09-29,44.9,BOGO,in-store
PROMO-0407,SKU-0081,West,2026-01-19,2026-02-08,46.7,BOGO,online
PROMO-0408,SKU-0966,West,2026-02-09,2026-03-01,22.7,bundle,online
PROMO-0409,SKU-0217,Central,2024-07-01,2024-07-21,41.5,discount,in-store
PROMO-0410,SKU-0719,West,2025-02-17,2025-03-16,13.8,BOGO,in-store
PROMO-0411,SKU-0748,East,2025-01-13,2025-01-26,36.4,BOGO,in-store
PROMO-0412,SKU-0526,East,2026-01-19,2026-02-08,37.2,discount,online
PROMO-0413,SKU-0674,West,2024-09-30,2024-10-20,48.5,bundle,online
PROMO-0414,SKU-1038,East,2024-06-03,2024-06-23,10.6,BOGO,in-store
PROMO-0415,SKU-0879,East,2026-04-20,2026-05-17,42.3,BOGO,in-store
PROMO-0416,SKU-0451,East,2024-09-23,2024-09-29,45.4,bundle,online
PROMO-0417,SKU-0434,East,2026-04-06,2026-04-26,23.6,bundle,in-store
PROMO-0418,SKU-0878,Central,2024-06-10,2024-06-30,33.6,BOGO,in-store
PROMO-0419,SKU-0394,North,2025-12-01,2025-12-07,15.6,BOGO,in-store
PROMO-0420,SKU-1011,Central,2025-02-17,2025-03-09,17.9,bundle,in-store
PROMO-0421,SKU-0263,South,2024-06-10,2024-07-07,26.1,bundle,online
PROMO-0422,SKU-0833,Central,2025-07-07,2025-07-13,38.5,bundle,online
PROMO-0423,SKU-0213,East,2024-09-30,2024-10-06,55.8,bundle,online
PROMO-0424,SKU-0698,East,2026-05-04,2026-05-24,16.6,bundle,online
PROMO-0425,SKU-0723,East,2024-10-07,2024-10-13,42.6,bundle,online
PROMO-0426,SKU-0541,Central,2025-10-13,2025-10-26,7.9,discount,online
PROMO-0427,SKU-0708,Central,2024-06-24,2024-07-14,40.3,bundle,in-store
PROMO-0428,SKU-0725,East,2026-02-02,2026-02-08,10.3,bundle,in-store
PROMO-0429,SKU-0376,Central,2025-02-03,2025-02-09,17.5,bundle,online
PROMO-0430,SKU-1091,South,2025-01-27,2025-02-02,36.0,bundle,in-store
PROMO-0431,SKU-0807,West,2024-12-16,2025-01-12,13.3,bundle,online
PROMO-0432,SKU-0074,Central,2026-03-30,2026-04-26,39.7,discount,online
PROMO-0433,SKU-0673,West,2025-05-19,2025-06-08,5.9,BOGO,online
PROMO-0434,SKU-0974,East,2024-09-16,2024-10-13,25.8,BOGO,in-store
PROMO-0435,SKU-0836,East,2024-12-30,2025-01-19,29.0,discount,in-store
PROMO-0436,SKU-0870,South,2024-08-26,2024-09-15,25.6,BOGO,online
PROMO-0437,SKU-0478,North,2025-08-04,2025-08-17,21.2,discount,online
PROMO-0438,SKU-0291,East,2024-08-05,2024-08-25,57.3,BOGO,in-store
PROMO-0439,SKU-0594,West,2026-05-04,2026-05-10,19.4,BOGO,in-store
PROMO-0440,SKU-0921,North,2025-12-29,2026-01-18,42.3,BOGO,online
PROMO-0441,SKU-0299,East,2025-09-15,2025-10-05,26.8,discount,in-store
PROMO-0442,SKU-0778,North,2025-04-14,2025-05-04,59.8,discount,in-store
PROMO-0443,SKU-0708,East,2025-08-18,2025-09-14,50.5,discount,online
PROMO-0444,SKU-0180,West,2024-11-18,2024-12-08,52.2,bundle,in-store
PROMO-0445,SKU-0159,Central,2025-02-17,2025-02-23,51.0,discount,in-store
PROMO-0446,SKU-0775,North,2025-01-27,2025-02-02,29.5,bundle,in-store
PROMO-0447,SKU-0226,North,2024-10-07,2024-10-20,27.1,bundle,online
PROMO-0448,SKU-0691,Central,2025-12-01,2025-12-21,11.8,bundle,in-store
PROMO-0449,SKU-0779,Central,2025-05-12,2025-05-18,27.4,bundle,online
PROMO-0450,SKU-0628,Central,2025-03-24,2025-04-06,41.7,discount,in-store
PROMO-0451,SKU-0762,West,2025-05-05,2025-05-11,12.9,discount,online
PROMO-0452,SKU-0833,South,2025-12-08,2025-12-28,24.3,BOGO,online
PROMO-0453,SKU-1012,Central,2025-06-02,2025-06-15,47.5,BOGO,in-store
PROMO-0454,SKU-0159,East,2024-12-16,2024-12-22,52.3,discount,online
PROMO-0455,SKU-0982,Central,2025-01-27,2025-02-23,57.8,discount,in-store
PROMO-0456,SKU-0646,Central,2026-02-23,2026-03-15,28.2,bundle,online
PROMO-0457,SKU-0415,South,2024-07-01,2024-07-14,18.3,bundle,in-store
PROMO-0458,SKU-0656,East,2026-01-05,2026-02-01,39.7,bundle,online
PROMO-0459,SKU-0202,East,2024-11-04,2024-11-17,16.5,BOGO,online
PROMO-0460,SKU-0434,North,2025-10-13,2025-11-02,46.8,bundle,online
PROMO-0461,SKU-0345,Central,2024-11-25,2024-12-08,53.5,discount,online
PROMO-0462,SKU-1012,West,2024-05-20,2024-06-09,51.5,BOGO,online
PROMO-0463,SKU-0187,East,2024-11-04,2024-12-01,46.0,BOGO,in-store
PROMO-0464,SKU-0982,Central,2024-10-14,2024-10-27,36.1,discount,in-store
PROMO-0465,SKU-0801,South,2024-12-30,2025-01-26,26.8,bundle,in-store
PROMO-0466,SKU-0628,South,2024-09-23,2024-10-06,49.3,discount,online
PROMO-0467,SKU-0666,North,2025-11-03,2025-11-23,30.7,BOGO,online
PROMO-0468,SKU-0628,East,2024-12-09,2024-12-22,31.0,BOGO,online
PROMO-0469,SKU-0263,East,2024-08-12,2024-08-25,50.0,bundle,online
PROMO-0470,SKU-0086,South,2025-09-01,2025-09-28,52.0,BOGO,in-store
PROMO-0471,SKU-0098,East,2025-09-08,2025-09-21,45.7,discount,in-store
PROMO-0472,SKU-0788,West,2024-09-16,2024-09-29,33.1,BOGO,online
PROMO-0473,SKU-0437,South,2024-07-01,2024-07-28,59.3,discount,online
PROMO-0474,SKU-0187,North,2025-12-15,2026-01-11,6.8,bundle,in-store
PROMO-0475,SKU-1026,Central,2026-01-19,2026-02-08,34.3,BOGO,in-store
PROMO-0476,SKU-0779,Central,2025-06-23,2025-07-13,30.8,discount,online
PROMO-0477,SKU-0364,South,2025-01-27,2025-02-02,40.4,bundle,online
PROMO-0478,SKU-0089,South,2024-12-16,2024-12-22,12.7,BOGO,online
PROMO-0479,SKU-1054,South,2025-01-13,2025-02-02,59.5,discount,in-store
PROMO-0480,SKU-0463,East,2025-05-26,2025-06-15,49.4,BOGO,in-store
PROMO-0481,SKU-0717,East,2025-03-24,2025-03-30,45.7,bundle,online
PROMO-0482,SKU-0361,North,2024-09-09,2024-09-22,54.1,bundle,in-store
PROMO-0483,SKU-0762,South,2024-10-07,2024-10-27,23.4,discount,in-store
PROMO-0484,SKU-0658,East,2025-12-15,2025-12-21,34.1,BOGO,online
PROMO-0485,SKU-0115,East,2026-04-27,2026-05-03,51.4,discount,in-store
PROMO-0486,SKU-0248,West,2026-01-26,2026-02-08,48.1,BOGO,in-store
PROMO-0487,SKU-0807,North,2025-11-24,2025-12-07,6.8,bundle,in-store
PROMO-0488,SKU-0062,West,2025-06-02,2025-06-29,9.4,discount,online
PROMO-0489,SKU-0457,West,2026-03-02,2026-03-29,43.4,discount,online
PROMO-0490,SKU-0628,East,2025-03-24,2025-04-13,55.6,discount,in-store
PROMO-0491,SKU-0656,South,2024-06-03,2024-06-09,57.0,discount,in-store
PROMO-0492,SKU-0098,West,2024-06-24,2024-07-21,59.5,BOGO,in-store
PROMO-0493,SKU-0356,West,2024-10-21,2024-11-17,7.7,BOGO,online
PROMO-0494,SKU-0663,South,2025-09-01,2025-09-21,33.3,BOGO,in-store
PROMO-0495,SKU-0581,North,2025-04-28,2025-05-04,10.7,BOGO,online
PROMO-0496,SKU-0262,South,2024-12-30,2025-01-05,43.1,BOGO,online
PROMO-0497,SKU-0766,East,2025-07-07,2025-08-03,26.2,discount,online
PROMO-0498,SKU-0762,North,2025-04-14,2025-05-04,59.4,bundle,online
PROMO-0499,SKU-0097,East,2025-06-02,2025-06-22,24.4,discount,online
PROMO-0500,SKU-0793,West,2025-01-13,2025-02-09,32.1,discount,in-store
PROMO-0501,SKU-0485,East,2025-07-28,2025-08-03,18.5,discount,in-store
PROMO-0502,SKU-0636,West,2025-12-15,2025-12-21,14.1,BOGO,in-store
PROMO-0503,SKU-0226,Central,2024-10-14,2024-11-03,7.2,discount,in-store
PROMO-0504,SKU-0520,East,2025-05-26,2025-06-08,37.8,BOGO,in-store
PROMO-0505,SKU-0128,Central,2025-11-10,2025-11-23,42.4,discount,in-store
PROMO-0506,SKU-0925,Central,2026-04-20,2026-05-17,45.6,BOGO,in-store
PROMO-0507,SKU-0299,South,2026-01-05,2026-02-01,45.5,BOGO,in-store
PROMO-0508,SKU-0896,East,2025-06-16,2025-06-29,50.5,bundle,online
PROMO-0509,SKU-0417,West,2026-04-06,2026-04-26,19.9,discount,in-store
PROMO-0510,SKU-0672,North,2024-09-30,2024-10-27,28.8,discount,in-store
PROMO-0511,SKU-0794,South,2025-11-17,2025-11-23,37.3,bundle,in-store
PROMO-0512,SKU-0656,North,2024-07-08,2024-08-04,25.7,discount,in-store
PROMO-0513,SKU-0337,East,2024-12-30,2025-01-26,22.6,discount,online
PROMO-0514,SKU-0331,Central,2025-04-14,2025-05-04,28.7,BOGO,online
PROMO-0515,SKU-0025,East,2026-04-20,2026-05-03,33.9,BOGO,in-store
PROMO-0516,SKU-0580,North,2025-03-10,2025-03-23,11.8,bundle,in-store
PROMO-0517,SKU-0701,East,2024-12-16,2025-01-12,7.0,bundle,online
PROMO-0518,SKU-0966,East,2024-05-27,2024-06-02,18.7,bundle,in-store
PROMO-0519,SKU-0935,South,2024-08-12,2024-08-25,27.1,BOGO,online
PROMO-0520,SKU-0585,North,2024-08-12,2024-08-18,10.1,BOGO,online
PROMO-0521,SKU-0361,South,2025-04-21,2025-05-11,17.2,discount,in-store
PROMO-0522,SKU-0540,Central,2025-02-24,2025-03-02,12.0,BOGO,in-store
PROMO-0523,SKU-0935,Central,2025-06-30,2025-07-20,38.6,discount,online
PROMO-0524,SKU-0779,North,2025-02-24,2025-03-23,16.2,bundle,online
PROMO-0525,SKU-0623,East,2024-08-12,2024-08-25,56.2,BOGO,in-store
PROMO-0526,SKU-0467,Central,2025-04-28,2025-05-11,40.7,BOGO,online
PROMO-0527,SKU-0658,North,2025-03-03,2025-03-30,36.2,discount,online
PROMO-0528,SKU-0921,North,2025-05-26,2025-06-15,42.0,BOGO,in-store
PROMO-0529,SKU-0394,North,2025-12-29,2026-01-04,52.0,bundle,in-store
PROMO-0530,SKU-0337,West,2025-12-01,2025-12-28,5.4,bundle,in-store
PROMO-0531,SKU-0144,West,2025-07-28,2025-08-03,37.4,BOGO,online
PROMO-0532,SKU-0458,East,2025-04-21,2025-05-04,43.4,discount,online
PROMO-0533,SKU-0639,South,2026-03-09,2026-03-29,53.5,bundle,online
PROMO-0534,SKU-0825,East,2025-10-27,2025-11-09,9.7,bundle,in-store
PROMO-0535,SKU-0708,North,2024-09-09,2024-10-06,17.2,BOGO,online
PROMO-0536,SKU-1091,North,2025-09-08,2025-09-21,28.0,BOGO,in-store
PROMO-0537,SKU-0585,West,2024-06-03,2024-06-30,53.1,bundle,in-store
PROMO-0538,SKU-0115,West,2024-09-30,2024-10-06,55.2,bundle,online
PROMO-0539,SKU-0224,South,2025-09-22,2025-09-28,5.6,BOGO,in-store
PROMO-0540,SKU-0725,Central,2024-09-02,2024-09-29,58.3,bundle,in-store
PROMO-0541,SKU-0788,East,2024-08-05,2024-08-18,34.9,discount,in-store
PROMO-0542,SKU-0878,South,2024-09-09,2024-09-29,15.1,BOGO,in-store
PROMO-0543,SKU-0224,West,2024-11-18,2024-11-24,56.2,bundle,online
PROMO-0544,SKU-0453,Central,2024-10-07,2024-10-27,44.1,BOGO,online
PROMO-0545,SKU-0672,Central,2024-09-16,2024-10-06,20.3,bundle,in-store
PROMO-0546,SKU-0774,West,2024-09-30,2024-10-06,18.3,discount,in-store
PROMO-0547,SKU-1054,East,2026-03-16,2026-03-22,38.6,discount,online
PROMO-0548,SKU-1017,Central,2024-08-26,2024-09-08,35.2,bundle,online
PROMO-0549,SKU-0074,East,2025-12-29,2026-01-18,16.6,bundle,online
PROMO-0550,SKU-0793,North,2025-08-04,2025-08-31,37.7,discount,in-store
PROMO-0551,SKU-0344,West,2024-07-08,2024-07-14,47.6,discount,online
PROMO-0552,SKU-0582,North,2025-01-13,2025-01-19,46.3,BOGO,in-store
PROMO-0553,SKU-0376,Central,2025-05-05,2025-06-01,43.4,discount,in-store
PROMO-0554,SKU-0925,West,2025-11-24,2025-12-21,10.0,discount,in-store
PROMO-0555,SKU-0473,South,2025-03-03,2025-03-16,45.8,discount,in-store
PROMO-0556,SKU-0135,East,2024-09-23,2024-10-06,12.8,discount,in-store
PROMO-0557,SKU-0889,Central,2024-05-20,2024-06-09,25.8,discount,online
PROMO-0558,SKU-0434,North,2025-02-10,2025-02-23,17.7,BOGO,online
PROMO-0559,SKU-0149,West,2025-10-13,2025-11-02,5.3,BOGO,in-store
PROMO-0560,SKU-0639,West,2026-02-23,2026-03-08,55.8,bundle,online
PROMO-0561,SKU-0478,East,2025-02-24,2025-03-16,58.6,BOGO,in-store
PROMO-0562,SKU-0364,West,2025-09-22,2025-10-19,18.7,BOGO,online
PROMO-0563,SKU-0537,North,2025-12-29,2026-01-18,48.1,discount,online
PROMO-0564,SKU-0896,East,2025-04-14,2025-05-04,13.3,bundle,in-store
PROMO-0565,SKU-0544,South,2024-10-28,2024-11-17,29.3,BOGO,in-store
PROMO-0566,SKU-0182,Central,2024-12-30,2025-01-12,29.5,bundle,in-store
PROMO-0567,SKU-0701,North,2024-08-26,2024-09-15,29.7,BOGO,in-store
PROMO-0568,SKU-0582,Central,2024-07-08,2024-08-04,44.8,BOGO,online
PROMO-0569,SKU-0032,Central,2025-09-01,2025-09-14,38.6,BOGO,online
PROMO-0570,SKU-0807,South,2024-11-04,2024-11-10,11.3,BOGO,online
PROMO-0571,SKU-0360,West,2025-12-29,2026-01-25,22.4,bundle,in-store
PROMO-0572,SKU-0499,East,2025-11-03,2025-11-23,55.5,discount,online
PROMO-0573,SKU-0185,Central,2024-09-23,2024-10-20,58.1,BOGO,in-store
PROMO-0574,SKU-0969,North,2024-11-25,2024-12-01,26.5,discount,in-store
PROMO-0575,SKU-0180,North,2026-03-23,2026-04-19,15.7,BOGO,online
PROMO-0576,SKU-0762,West,2024-12-09,2024-12-29,42.2,discount,in-store
PROMO-0577,SKU-0766,West,2025-03-31,2025-04-06,56.6,BOGO,in-store
PROMO-0578,SKU-0725,South,2025-02-10,2025-03-02,41.1,BOGO,in-store
PROMO-0579,SKU-0520,West,2024-09-02,2024-09-08,42.0,bundle,in-store
PROMO-0580,SKU-1099,South,2025-09-01,2025-09-07,23.3,bundle,in-store
PROMO-0581,SKU-0826,East,2024-07-01,2024-07-07,15.6,BOGO,online
PROMO-0582,SKU-0311,North,2025-08-11,2025-08-31,56.9,BOGO,in-store
PROMO-0583,SKU-0283,Central,2025-06-09,2025-06-15,7.4,BOGO,online
PROMO-0584,SKU-0555,West,2025-06-30,2025-07-27,8.1,BOGO,online
PROMO-0585,SKU-0062,South,2024-05-27,2024-06-09,14.5,discount,online
PROMO-0586,SKU-0089,North,2024-11-25,2024-12-22,40.2,BOGO,online
PROMO-0587,SKU-0086,West,2024-09-02,2024-09-29,15.1,discount,in-store
PROMO-0588,SKU-0185,East,2024-12-16,2024-12-29,11.8,discount,in-store
PROMO-0589,SKU-0526,South,2024-06-17,2024-06-23,8.1,bundle,online
PROMO-0590,SKU-0509,South,2025-11-24,2025-12-21,58.0,bundle,in-store
PROMO-0591,SKU-0078,West,2024-07-08,2024-07-28,43.0,BOGO,in-store
PROMO-0592,SKU-0086,North,2025-06-09,2025-06-15,38.2,BOGO,online
PROMO-0593,SKU-0708,West,2024-09-16,2024-10-06,59.2,discount,online
PROMO-0594,SKU-0399,North,2024-08-19,2024-09-15,25.1,bundle,in-store
PROMO-0595,SKU-0062,East,2025-08-11,2025-09-07,19.2,bundle,in-store
PROMO-0596,SKU-0864,North,2024-06-03,2024-06-09,9.4,bundle,online
PROMO-0597,SKU-0170,Central,2024-08-26,2024-09-01,20.9,BOGO,in-store
PROMO-0598,SKU-0666,North,2024-11-11,2024-12-01,43.5,BOGO,online
PROMO-0599,SKU-0794,South,2024-11-18,2024-12-08,10.2,discount,in-store
PROMO-0600,SKU-0628,Central,2025-06-09,2025-07-06,55.8,bundle,online
PROMO-0601,SKU-0788,West,2025-06-02,2025-06-29,27.9,BOGO,in-store
PROMO-0602,SKU-0283,North,2024-10-14,2024-10-20,10.2,discount,in-store
PROMO-0603,SKU-0186,West,2026-04-13,2026-05-10,37.5,bundle,in-store
PROMO-0604,SKU-0892,West,2024-11-18,2024-12-01,5.7,bundle,in-store
PROMO-0605,SKU-0089,South,2026-01-12,2026-01-25,49.7,BOGO,online
PROMO-0606,SKU-0345,West,2024-09-30,2024-10-06,49.4,bundle,online
PROMO-0607,SKU-0509,North,2024-12-16,2025-01-05,31.6,BOGO,in-store
PROMO-0608,SKU-0290,North,2024-08-19,2024-09-08,10.5,discount,in-store
PROMO-0609,SKU-0037,North,2025-04-07,2025-05-04,20.7,BOGO,in-store
PROMO-0610,SKU-0774,South,2025-09-01,2025-09-28,36.0,bundle,online
PROMO-0611,SKU-0825,South,2024-08-19,2024-08-25,35.6,BOGO,in-store
PROMO-0612,SKU-0344,Central,2025-08-04,2025-08-31,31.0,BOGO,online
PROMO-0613,SKU-0565,East,2025-03-10,2025-03-23,31.9,bundle,in-store
PROMO-0614,SKU-0337,Central,2024-07-22,2024-07-28,22.0,BOGO,online
PROMO-0615,SKU-0217,North,2024-05-20,2024-05-26,43.3,BOGO,in-store
PROMO-0616,SKU-0032,East,2026-01-12,2026-01-25,17.5,discount,in-store
PROMO-0617,SKU-1063,West,2025-01-20,2025-02-16,12.7,bundle,online
PROMO-0618,SKU-0364,East,2024-09-16,2024-10-06,44.0,discount,online
PROMO-0619,SKU-0599,Central,2024-09-23,2024-10-06,34.3,BOGO,in-store
PROMO-0620,SKU-1040,North,2025-08-18,2025-09-07,6.8,BOGO,in-store
PROMO-0621,SKU-0119,North,2024-09-09,2024-09-15,40.1,BOGO,online
PROMO-0622,SKU-0159,East,2024-06-10,2024-06-16,28.8,discount,in-store
PROMO-0623,SKU-0674,West,2025-10-27,2025-11-16,32.0,BOGO,in-store
PROMO-0624,SKU-0032,Central,2025-02-10,2025-03-09,32.3,bundle,in-store
PROMO-0625,SKU-0157,North,2024-08-19,2024-09-15,22.6,discount,in-store
PROMO-0626,SKU-0921,Central,2024-07-15,2024-08-04,7.6,bundle,in-store
PROMO-0627,SKU-0241,North,2025-04-21,2025-05-11,8.9,BOGO,online
PROMO-0628,SKU-0836,Central,2025-06-02,2025-06-22,38.9,discount,in-store
PROMO-0629,SKU-0537,North,2024-09-30,2024-10-20,10.6,BOGO,in-store
PROMO-0630,SKU-0826,South,2025-01-06,2025-01-12,28.9,bundle,online
PROMO-0631,SKU-0166,Central,2025-06-16,2025-07-06,51.6,bundle,in-store
PROMO-0632,SKU-0115,Central,2026-02-16,2026-03-08,17.3,BOGO,online
PROMO-0633,SKU-0526,South,2025-09-29,2025-10-05,18.3,discount,in-store
PROMO-0634,SKU-0213,South,2025-01-13,2025-02-02,53.6,bundle,in-store
PROMO-0635,SKU-0969,East,2024-09-30,2024-10-13,50.2,discount,in-store
PROMO-0636,SKU-0217,North,2025-09-29,2025-10-19,42.0,bundle,online
PROMO-0637,SKU-0159,East,2026-02-09,2026-03-08,26.6,bundle,in-store
PROMO-0638,SKU-0581,North,2026-02-23,2026-03-01,23.1,BOGO,in-store
PROMO-0639,SKU-0356,South,2025-06-30,2025-07-20,31.4,discount,online
PROMO-0640,SKU-0186,West,2026-01-26,2026-02-08,24.0,BOGO,online
PROMO-0641,SKU-0896,East,2024-08-12,2024-08-25,23.2,discount,online
PROMO-0642,SKU-0388,West,2025-03-03,2025-03-09,29.3,BOGO,online
PROMO-0643,SKU-0581,North,2026-02-02,2026-03-01,14.0,discount,online
PROMO-0644,SKU-0778,East,2025-08-04,2025-08-10,55.3,discount,in-store
PROMO-0645,SKU-0356,Central,2024-06-10,2024-06-23,52.6,discount,online
PROMO-0646,SKU-0717,East,2025-05-26,2025-06-01,42.7,bundle,online
PROMO-0647,SKU-1026,Central,2025-05-26,2025-06-08,19.8,bundle,in-store
PROMO-0648,SKU-0451,West,2024-11-04,2024-12-01,6.6,BOGO,online
PROMO-0649,SKU-0896,Central,2026-01-19,2026-01-25,11.1,BOGO,online
PROMO-0650,SKU-0520,West,2026-01-19,2026-01-25,50.9,discount,online
PROMO-0651,SKU-0541,Central,2024-06-24,2024-07-21,49.7,discount,online
PROMO-0652,SKU-0429,South,2026-02-09,2026-03-01,10.5,bundle,online
PROMO-0653,SKU-1099,North,2025-06-09,2025-06-29,8.0,discount,in-store
PROMO-0654,SKU-0673,South,2025-03-24,2025-04-13,48.3,bundle,in-store
PROMO-0655,SKU-0082,Central,2024-12-09,2025-01-05,23.8,BOGO,online
PROMO-0656,SKU-0128,East,2025-01-20,2025-01-26,34.1,bundle,in-store
PROMO-0657,SKU-0921,Central,2025-09-29,2025-10-26,50.2,bundle,online
PROMO-0658,SKU-0187,East,2026-02-23,2026-03-22,18.6,bundle,in-store
PROMO-0659,SKU-0175,East,2026-04-27,2026-05-10,22.7,discount,in-store
PROMO-0660,SKU-0658,East,2024-12-30,2025-01-12,15.3,BOGO,in-store
PROMO-0661,SKU-0935,South,2024-07-29,2024-08-25,23.5,BOGO,online
PROMO-0662,SKU-0752,West,2024-11-25,2024-12-08,50.2,BOGO,online
PROMO-0663,SKU-0838,East,2025-08-18,2025-08-24,6.9,BOGO,online
PROMO-0664,SKU-0686,West,2024-12-16,2025-01-12,54.6,BOGO,in-store
PROMO-0665,SKU-0095,West,2024-11-18,2024-12-01,48.4,discount,in-store
PROMO-0666,SKU-0437,South,2025-10-27,2025-11-23,48.6,BOGO,online
PROMO-0667,SKU-0437,South,2025-04-28,2025-05-11,58.2,bundle,in-store
PROMO-0668,SKU-0544,East,2025-12-08,2025-12-28,27.5,discount,online
PROMO-0669,SKU-0742,East,2025-12-22,2026-01-18,55.0,BOGO,online
PROMO-0670,SKU-0349,East,2024-12-09,2024-12-22,43.8,BOGO,online
PROMO-0671,SKU-0969,East,2025-06-16,2025-07-06,46.2,BOGO,online
PROMO-0672,SKU-0361,West,2025-12-08,2025-12-14,32.4,BOGO,online
PROMO-0673,SKU-1091,North,2026-04-06,2026-05-03,38.6,discount,in-store
PROMO-0674,SKU-0636,Central,2024-10-28,2024-11-17,46.7,discount,in-store
PROMO-0675,SKU-0461,Central,2026-02-23,2026-03-08,36.4,discount,in-store
PROMO-0676,SKU-0672,West,2026-04-13,2026-05-03,36.2,bundle,in-store
PROMO-0677,SKU-0467,Central,2025-07-28,2025-08-17,20.3,discount,online
PROMO-0678,SKU-0663,West,2024-08-12,2024-09-08,58.4,discount,online
PROMO-0679,SKU-0966,West,2026-03-09,2026-03-29,14.5,BOGO,online
PROMO-0680,SKU-0836,West,2025-06-02,2025-06-22,52.8,bundle,in-store
PROMO-0681,SKU-0659,South,2025-12-15,2026-01-04,28.8,bundle,in-store
PROMO-0682,SKU-1025,North,2025-02-10,2025-03-09,31.6,discount,in-store
PROMO-0683,SKU-1063,North,2024-06-03,2024-06-16,14.0,discount,online
PROMO-0684,SKU-0356,West,2025-07-28,2025-08-03,37.6,bundle,in-store
PROMO-0685,SKU-0283,South,2025-01-20,2025-02-16,34.9,discount,online
PROMO-0686,SKU-0482,South,2024-08-26,2024-09-08,30.9,discount,in-store
PROMO-0687,SKU-1060,Central,2024-09-09,2024-09-15,51.9,discount,online
PROMO-0688,SKU-0698,East,2024-12-02,2024-12-15,33.6,BOGO,in-store
PROMO-0689,SKU-0062,West,2026-03-23,2026-04-05,55.9,discount,online
PROMO-0690,SKU-0467,East,2025-05-26,2025-06-15,32.7,BOGO,online
PROMO-0691,SKU-0953,North,2024-12-16,2025-01-12,49.7,bundle,online
PROMO-0692,SKU-0037,East,2025-06-30,2025-07-27,21.9,BOGO,online
PROMO-0693,SKU-1099,North,2024-11-04,2024-11-17,29.5,BOGO,in-store
PROMO-0694,SKU-0659,South,2024-08-26,2024-09-22,19.1,bundle,online
PROMO-0695,SKU-0180,North,2024-06-17,2024-07-14,48.6,discount,in-store
PROMO-0696,SKU-0656,West,2025-03-03,2025-03-30,49.0,bundle,in-store
PROMO-0697,SKU-0135,East,2025-11-03,2025-11-30,21.1,discount,online
PROMO-0698,SKU-0082,South,2024-10-28,2024-11-24,9.8,BOGO,in-store
PROMO-0699,SKU-0520,Central,2025-06-30,2025-07-27,53.6,BOGO,online
PROMO-0700,SKU-0290,East,2025-09-22,2025-10-05,12.2,BOGO,online
PROMO-0701,SKU-1080,South,2025-03-31,2025-04-27,5.2,discount,in-store
PROMO-0702,SKU-0299,South,2025-08-04,2025-08-10,17.4,discount,online
PROMO-0703,SKU-0451,South,2025-05-26,2025-06-15,54.0,bundle,online
PROMO-0704,SKU-0636,West,2025-03-31,2025-04-13,13.8,bundle,in-store
PROMO-0705,SKU-0344,Central,2025-05-19,2025-06-08,20.3,bundle,in-store
PROMO-0706,SKU-0170,Central,2025-03-03,2025-03-23,35.8,bundle,online
PROMO-0707,SKU-0241,West,2026-03-09,2026-03-29,15.4,BOGO,in-store
PROMO-0708,SKU-0793,Central,2025-05-26,2025-06-15,27.9,discount,online
PROMO-0709,SKU-0360,North,2025-06-30,2025-07-27,16.9,BOGO,online
PROMO-0710,SKU-0544,East,2025-08-25,2025-09-07,6.7,BOGO,online
PROMO-0711,SKU-0708,North,2025-03-31,2025-04-06,46.6,BOGO,in-store
PROMO-0712,SKU-0290,South,2024-12-02,2024-12-08,52.3,bundle,in-store
PROMO-0713,SKU-1031,South,2026-03-02,2026-03-15,16.2,bundle,in-store
PROMO-0714,SKU-0921,North,2025-05-12,2025-05-18,27.9,bundle,online
PROMO-0715,SKU-0585,North,2024-10-21,2024-10-27,55.0,discount,online
PROMO-0716,SKU-0299,West,2025-02-24,2025-03-02,28.1,discount,in-store
PROMO-0717,SKU-0394,North,2026-04-13,2026-04-26,36.7,bundle,in-store
PROMO-0718,SKU-0889,West,2025-11-03,2025-11-16,24.0,bundle,online
PROMO-0719,SKU-0822,Central,2025-02-10,2025-02-23,36.4,BOGO,in-store
PROMO-0720,SKU-0925,North,2024-07-01,2024-07-21,14.4,bundle,in-store
PROMO-0721,SKU-0778,East,2024-07-22,2024-07-28,10.2,discount,in-store
PROMO-0722,SKU-0432,Central,2025-07-28,2025-08-17,26.0,bundle,in-store
PROMO-0723,SKU-0290,West,2025-08-11,2025-08-17,34.8,BOGO,online
PROMO-0724,SKU-1091,East,2024-12-09,2024-12-22,7.6,discount,in-store
PROMO-0725,SKU-0062,East,2025-11-03,2025-11-30,18.4,discount,online
PROMO-0726,SKU-1080,West,2025-06-09,2025-06-15,13.4,discount,in-store
PROMO-0727,SKU-0291,West,2025-12-22,2026-01-04,45.4,bundle,online
PROMO-0728,SKU-0202,West,2026-04-06,2026-05-03,46.5,bundle,online
PROMO-0729,SKU-0967,Central,2025-02-17,2025-03-09,49.1,bundle,online
PROMO-0730,SKU-0656,East,2024-09-16,2024-10-06,33.3,bundle,online
PROMO-0731,SKU-0170,East,2025-10-20,2025-11-16,49.0,bundle,online
PROMO-0732,SKU-0666,South,2025-06-30,2025-07-20,46.6,discount,online
PROMO-0733,SKU-0248,Central,2025-04-07,2025-04-27,36.9,bundle,in-store
PROMO-0734,SKU-0778,Central,2024-10-21,2024-11-03,44.9,bundle,online
PROMO-0735,SKU-0826,East,2025-08-25,2025-08-31,15.4,BOGO,online
PROMO-0736,SKU-0833,East,2024-05-27,2024-06-02,44.4,BOGO,in-store
PROMO-0737,SKU-0896,Central,2025-11-17,2025-11-30,16.0,bundle,in-store
PROMO-0738,SKU-0788,East,2025-11-17,2025-11-30,46.3,discount,in-store
PROMO-0739,SKU-0432,South,2025-04-28,2025-05-11,20.3,BOGO,online
PROMO-0740,SKU-0290,North,2024-09-02,2024-09-29,23.0,discount,in-store
PROMO-0741,SKU-0364,South,2025-12-15,2025-12-21,48.5,bundle,online
PROMO-0742,SKU-0262,South,2024-10-21,2024-11-10,39.7,discount,online
PROMO-0743,SKU-0432,Central,2025-03-03,2025-03-23,50.0,discount,online
PROMO-0744,SKU-0422,East,2025-05-12,2025-06-01,9.3,bundle,online
PROMO-0745,SKU-0119,Central,2025-09-08,2025-09-14,51.0,BOGO,online
PROMO-0746,SKU-0461,South,2025-01-27,2025-02-16,56.0,BOGO,online
PROMO-0747,SKU-0581,North,2026-03-16,2026-03-29,43.4,BOGO,in-store
PROMO-0748,SKU-0742,South,2024-05-20,2024-05-26,13.4,BOGO,online
PROMO-0749,SKU-0141,West,2025-06-16,2025-07-06,47.8,discount,in-store
PROMO-0750,SKU-0037,South,2024-08-19,2024-08-25,16.4,BOGO,in-store
PROMO-0751,SKU-0555,North,2024-12-02,2024-12-08,13.7,discount,online
PROMO-0752,SKU-0825,West,2025-08-04,2025-08-31,48.9,bundle,online
PROMO-0753,SKU-0879,North,2026-02-09,2026-03-01,8.4,bundle,in-store
PROMO-0754,SKU-0364,South,2026-05-04,2026-05-17,20.4,BOGO,online
PROMO-0755,SKU-0833,Central,2025-08-18,2025-09-14,39.5,BOGO,online
PROMO-0756,SKU-0599,North,2025-06-16,2025-07-06,35.0,BOGO,in-store
PROMO-0757,SKU-0149,South,2025-12-15,2026-01-11,39.3,discount,in-store
PROMO-0758,SKU-0463,West,2025-12-01,2025-12-14,30.9,BOGO,in-store
PROMO-0759,SKU-0095,East,2025-10-13,2025-11-02,7.2,bundle,online
PROMO-0760,SKU-0473,South,2025-01-27,2025-02-16,40.3,discount,online
PROMO-0761,SKU-0089,West,2024-06-17,2024-07-14,33.0,discount,online
PROMO-0762,SKU-0691,West,2025-05-26,2025-06-01,20.6,discount,in-store
PROMO-0763,SKU-0555,South,2026-03-23,2026-04-05,26.5,discount,online
PROMO-0764,SKU-0317,South,2025-02-17,2025-03-16,29.1,bundle,online
PROMO-0765,SKU-0468,North,2024-05-27,2024-06-09,6.6,bundle,online
PROMO-0766,SKU-0025,South,2024-10-21,2024-11-17,22.8,BOGO,online
PROMO-0767,SKU-0025,South,2024-09-16,2024-10-06,30.7,BOGO,in-store
PROMO-0768,SKU-0879,South,2024-09-09,2024-09-15,11.6,discount,online
PROMO-0769,SKU-0693,East,2024-10-14,2024-10-20,57.4,BOGO,in-store
PROMO-0770,SKU-0849,East,2025-01-27,2025-02-16,55.3,discount,online
PROMO-0771,SKU-0925,East,2024-12-09,2025-01-05,7.2,discount,online
PROMO-0772,SKU-0098,Central,2026-01-05,2026-02-01,19.0,discount,in-store
PROMO-0773,SKU-0879,West,2025-04-28,2025-05-18,33.8,bundle,online
PROMO-0774,SKU-1038,West,2025-11-03,2025-11-16,27.0,bundle,in-store
PROMO-0775,SKU-0594,North,2025-03-24,2025-03-30,49.6,bundle,online
PROMO-0776,SKU-0290,East,2024-07-29,2024-08-11,41.8,BOGO,online
PROMO-0777,SKU-0487,Central,2025-06-02,2025-06-22,50.1,BOGO,online
PROMO-0778,SKU-0042,East,2025-12-22,2026-01-18,26.3,discount,in-store
PROMO-0779,SKU-0187,South,2025-03-03,2025-03-23,35.0,discount,online
PROMO-0780,SKU-0807,East,2025-05-05,2025-05-11,52.7,BOGO,in-store
PROMO-0781,SKU-0331,Central,2024-07-01,2024-07-07,35.8,BOGO,online
PROMO-0782,SKU-0789,Central,2024-07-29,2024-08-04,55.0,discount,online
PROMO-0783,SKU-0826,East,2024-11-04,2024-11-24,7.0,discount,in-store
PROMO-0784,SKU-0086,South,2025-04-07,2025-04-20,40.7,discount,in-store
PROMO-0785,SKU-0830,North,2025-02-03,2025-02-09,15.2,bundle,in-store
PROMO-0786,SKU-0378,West,2026-01-05,2026-01-11,53.5,BOGO,in-store
PROMO-0787,SKU-0788,North,2026-02-02,2026-03-01,21.2,BOGO,in-store
PROMO-0788,SKU-0394,Central,2025-08-18,2025-09-14,44.3,BOGO,in-store
PROMO-0789,SKU-0074,East,2024-10-07,2024-11-03,57.1,bundle,in-store
PROMO-0790,SKU-0081,South,2025-01-13,2025-01-26,12.1,BOGO,online
PROMO-0791,SKU-1091,South,2026-03-16,2026-03-29,10.0,discount,in-store
PROMO-0792,SKU-0715,North,2024-09-30,2024-10-13,12.9,discount,online
PROMO-0793,SKU-0636,North,2026-05-04,2026-05-24,15.8,discount,in-store
PROMO-0794,SKU-0684,South,2026-03-02,2026-03-08,12.7,bundle,in-store
PROMO-0795,SKU-1059,West,2025-02-10,2025-02-16,29.3,BOGO,online
PROMO-0796,SKU-0241,South,2024-05-20,2024-06-02,9.0,discount,in-store
PROMO-0797,SKU-0157,East,2024-07-01,2024-07-28,59.8,bundle,online
PROMO-0798,SKU-0592,East,2025-10-20,2025-10-26,22.8,BOGO,in-store
PROMO-0799,SKU-0291,North,2025-09-08,2025-09-14,29.9,bundle,in-store
PROMO-0800,SKU-0157,North,2025-08-25,2025-09-14,24.6,bundle,online
